Article Title,Slug,Category,Sub-Category,Owner,Tags,Meta Description
Penetration Testing Methodology,penetration-testing-methodology,Security Testing,Pentesting,Wilson S,"pentest, methodology, testing","Comprehensive penetration testing methodology from planning to reporting."
Web Application Penetration Testing,web-application-penetration-testing,Security Testing,Pentesting,Wilson S,"web pentest, application, testing","Test web applications for security vulnerabilities using proven techniques."
Network Penetration Testing,network-penetration-testing,Security Testing,Pentesting,Wilson S,"network pentest, testing, security","Conduct network penetration testing to identify infrastructure vulnerabilities."
Wireless Penetration Testing,wireless-penetration-testing,Security Testing,Pentesting,Wilson S,"wireless pentest, wifi, testing","Test wireless network security and identify wifi vulnerabilities."
Social Engineering Testing,social-engineering-testing,Security Testing,Pentesting,Wilson S,"social engineering, testing, pentest","Conduct social engineering tests to assess human security factors."
Red Team Exercise Planning,red-team-exercise-planning,Security Testing,Red Team,Wilson S,"red team, exercise, planning","Plan and execute effective red team exercises for realistic testing."
Purple Team Collaboration,purple-team-collaboration,Security Testing,Purple Team,Wilson S,"purple team, collaboration, testing","Implement purple team collaboration improving detection and response."
Attack Simulation Tools,attack-simulation-tools,Security Testing,Tools,Wilson S,"attack simulation, tools, testing","Use attack simulation tools for security validation and testing."
OWASP Testing Guide,owasp-testing-guide-v4,Security Testing,Web Security,Wilson S,"owasp, testing, guide","Follow OWASP Testing Guide for comprehensive web security testing."
Mobile Application Security Testing,mobile-application-security-testing,Security Testing,Mobile,Wilson S,"mobile testing, security, apps","Test mobile applications for security vulnerabilities on iOS and Android."
Thick Client Application Testing,thick-client-application-testing,Security Testing,Application Testing,Wilson S,"thick client, testing, security","Test thick client applications for security vulnerabilities."
API Penetration Testing,api-penetration-testing-guide,Security Testing,API Security,Wilson S,"api testing, pentest, security","Conduct API penetration testing to identify REST and GraphQL vulnerabilities."
Cloud Penetration Testing,cloud-penetration-testing,Security Testing,Cloud,Wilson S,"cloud pentest, testing, security","Test cloud environments for security misconfigurations and vulnerabilities."
Container Security Testing,container-security-testing,Security Testing,Containers,Wilson S,"container testing, security, docker","Test container and Kubernetes environments for security issues."
IoT Device Security Testing,iot-device-security-testing,Security Testing,IoT,Wilson S,"iot testing, device security, pentest","Test IoT devices for security vulnerabilities and weaknesses."
SAST Tool Implementation,sast-tool-implementation,Security Testing,Code Analysis,Wilson S,"sast, static analysis, security","Implement static application security testing tools in development."
DAST Tool Implementation,dast-tool-implementation,Security Testing,Dynamic Testing,Wilson S,"dast, dynamic testing, security","Implement dynamic application security testing for running apps."
Security Code Review Process,security-code-review-process,Security Testing,Code Review,Wilson S,"code review, security, process","Establish security code review processes for development teams."
Vulnerability Assessment vs Penetration Testing,vulnerability-assessment-vs-pentest,Security Testing,Comparison,Wilson S,"vulnerability, pentest, comparison","Understand differences between vulnerability assessment and penetration testing."
Bug Bounty Program Management,bug-bounty-program-management,Security Testing,Bug Bounty,Wilson S,"bug bounty, program, management","Manage bug bounty programs for continuous security testing."
ISO 27001 Audit Preparation,iso-27001-audit-preparation,Compliance & Governance,Audits,Wilson S,"iso 27001, audit, preparation","Prepare for ISO 27001 certification audits with comprehensive guidance."
SOC 2 Type 2 Requirements,soc-2-type-2-requirements,Compliance & Governance,Audits,Wilson S,"soc 2, type 2, requirements","Meet SOC 2 Type 2 requirements for service organization controls."
Internal Security Audits,internal-security-audits,Compliance & Governance,Audits,Wilson S,"internal audit, security, compliance","Conduct internal security audits for compliance and risk management."
Third-Party Security Audits,third-party-security-audits,Compliance & Governance,Audits,Wilson S,"third-party audit, vendor, security","Audit third-party vendors for security and compliance requirements."
FedRAMP Compliance Guide,fedramp-compliance-guide,Compliance & Governance,Frameworks,Wilson S,"fedramp, compliance, cloud","Achieve FedRAMP compliance for cloud services and government contracts."
CIS Controls Implementation,cis-controls-implementation,Compliance & Governance,Frameworks,Wilson S,"cis controls, implementation, security","Implement CIS Controls for cybersecurity defense and compliance."
COBIT Framework,cobit-framework-governance,Compliance & Governance,Frameworks,Wilson S,"cobit, governance, framework","Use COBIT framework for IT governance and management."
ITIL Security Management,itil-security-management,Compliance & Governance,Frameworks,Wilson S,"itil, security, management","Integrate security into ITIL service management framework."
Data Protection Officer Role,data-protection-officer-role,Compliance & Governance,Privacy,Wilson S,"dpo, data protection, role","Understand Data Protection Officer role and responsibilities."
Privacy Policy Development,privacy-policy-development,Compliance & Governance,Policies,Wilson S,"privacy policy, development, compliance","Develop comprehensive privacy policies meeting regulatory requirements."
Acceptable Use Policy,acceptable-use-policy-creation,Compliance & Governance,Policies,Wilson S,"acceptable use, policy, security","Create acceptable use policies defining permitted technology usage."
Password Policy Requirements,password-policy-requirements,Compliance & Governance,Policies,Wilson S,"password policy, requirements, security","Define password policy requirements for strong authentication."
Change Management Policy,change-management-policy,Compliance & Governance,Policies,Wilson S,"change management, policy, process","Implement change management policies for controlled IT changes."
Incident Response Policy,incident-response-policy-development,Compliance & Governance,Policies,Wilson S,"incident response, policy, security","Develop incident response policies defining response procedures."
Data Retention Policy,data-retention-policy-compliance,Compliance & Governance,Policies,Wilson S,"data retention, policy, compliance","Create data retention policies meeting legal and business requirements."
Vendor Risk Assessment,vendor-risk-assessment-process,Compliance & Governance,Risk Management,Wilson S,"vendor risk, assessment, third-party","Assess vendor security risks through comprehensive evaluations."
Cyber Insurance,cyber-insurance-risk-transfer,Compliance & Governance,Risk Management,Wilson S,"cyber insurance, risk, transfer","Transfer cyber risk through insurance and understand coverage requirements."
Business Impact Analysis,business-impact-analysis-bcp,Compliance & Governance,BCP,Wilson S,"bia, business impact, continuity","Conduct business impact analysis for continuity planning."
Security Awareness Metrics,security-awareness-metrics,Compliance & Governance,Metrics,Wilson S,"awareness, metrics, training","Measure security awareness training effectiveness with metrics."
GRC Platform Implementation,grc-platform-implementation,Compliance & Governance,Tools,Wilson S,"grc, platform, implementation","Implement GRC platforms for integrated governance and compliance."
Mobile Device Security Policies,mobile-device-security-policies,Endpoint Security,Mobile,Wilson S,"mobile, policy, security","Create mobile device security policies for corporate and BYOD."
USB Device Control,usb-device-control-security,Endpoint Security,Device Control,Wilson S,"usb, device control, security","Control USB and removable media for data loss prevention."
Endpoint Patching Strategy,endpoint-patching-strategy,Endpoint Security,Patching,Wilson S,"endpoint, patching, updates","Implement endpoint patching strategies for vulnerability management."
Host-Based Firewall,host-based-firewall-configuration,Endpoint Security,Protection,Wilson S,"host firewall, endpoint, security","Configure host-based firewalls for endpoint network protection."
Application Whitelisting,application-whitelisting-implementation,Endpoint Security,Control,Wilson S,"whitelisting, application control, security","Implement application whitelisting preventing unauthorized software."
Privilege Escalation Prevention,privilege-escalation-prevention,Endpoint Security,Protection,Wilson S,"privilege escalation, prevention, security","Prevent privilege escalation attacks on endpoints and servers."
Endpoint Compliance Monitoring,endpoint-compliance-monitoring,Endpoint Security,Compliance,Wilson S,"endpoint, compliance, monitoring","Monitor endpoint compliance with security policies and standards."
macOS Security Hardening,macos-security-hardening,Endpoint Security,Hardening,Wilson S,"macos, hardening, security","Harden macOS systems against security threats."
Linux Server Hardening,linux-server-hardening,Endpoint Security,Hardening,Wilson S,"linux, hardening, server","Harden Linux servers with security best practices."
Windows Server Hardening,windows-server-hardening,Endpoint Security,Hardening,Wilson S,"windows, server, hardening","Harden Windows servers for enterprise security."
Secure Software Development,secure-software-development-practices,Application Security,Development,Wilson S,"secure development, sdlc, security","Implement secure software development practices."
DevOps Security Integration,devops-security-integration,Application Security,DevSecOps,Wilson S,"devops, security, integration","Integrate security into DevOps pipelines."
CI/CD Pipeline Security,ci-cd-pipeline-security,Application Security,DevSecOps,Wilson S,"ci-cd, pipeline, security","Secure CI/CD pipelines from compromise and supply chain attacks."
Dependency Scanning,dependency-scanning-sca,Application Security,Tools,Wilson S,"dependency, scanning, sca","Scan dependencies for vulnerabilities with SCA tools."
Container Image Scanning,container-image-scanning-tools,Application Security,Containers,Wilson S,"container, scanning, security","Scan container images for vulnerabilities before deployment."
Infrastructure as Code Security,infrastructure-as-code-security,Application Security,IaC,Wilson S,"iac, security, terraform","Secure infrastructure as code templates and deployments."
Secrets Management,secrets-management-vault,Application Security,Security,Wilson S,"secrets, vault, management","Manage application secrets securely with vault solutions."
API Gateway Security,api-gateway-security,Application Security,API,Wilson S,"api gateway, security, protection","Secure API gateways protecting backend services."
GraphQL Security,graphql-security-best-practices,Application Security,API,Wilson S,"graphql, security, api","Secure GraphQL APIs against common vulnerabilities."
Microservices Security,microservices-security-architecture,Application Security,Architecture,Wilson S,"microservices, security, architecture","Secure microservices architectures with proper controls."
Session Management Security,session-management-security,Application Security,Web Security,Wilson S,"session, management, security","Implement secure session management for web applications."
Cookie Security,cookie-security-best-practices,Application Security,Web Security,Wilson S,"cookie, security, web","Secure cookies with proper attributes and encryption."
Content Security Policy,content-security-policy-csp,Application Security,Web Security,Wilson S,"csp, content security, web","Implement Content Security Policy for XSS prevention."
Subresource Integrity,subresource-integrity-sri,Application Security,Web Security,Wilson S,"sri, integrity, security","Use Subresource Integrity protecting against CDN compromise."
CORS Security,cors-security-configuration,Application Security,Web Security,Wilson S,"cors, security, web","Configure CORS securely for cross-origin resource sharing."
OAuth Security Best Practices,oauth-security-best-practices,Application Security,API,Wilson S,"oauth, security, best practices","Implement OAuth securely avoiding common pitfalls."
JWT Security,jwt-security-best-practices,Application Security,API,Wilson S,"jwt, token, security","Secure JSON Web Tokens with proper validation and storage."
Email Gateway Configuration,email-gateway-configuration,Communication Security,Email,Wilson S,"email gateway, configuration, security","Configure email gateways for comprehensive email security."
Email Encryption Solutions,email-encryption-solutions-guide,Communication Security,Email,Wilson S,"email encryption, security, smime","Implement email encryption with S/MIME or PGP."
Email Spoofing Prevention,email-spoofing-prevention,Communication Security,Email,Wilson S,"email spoofing, prevention, security","Prevent email spoofing with SPF, DKIM, and DMARC."
Collaboration Platform Security,collaboration-platform-security,Communication Security,Platforms,Wilson S,"collaboration, teams, security","Secure collaboration platforms like Teams and Slack."
Video Conferencing Security,video-conferencing-security,Communication Security,Conferencing,Wilson S,"video conference, zoom, security","Secure video conferencing and prevent zoombombing."
Unified Communications Security,unified-communications-security,Communication Security,UC,Wilson S,"uc, communications, security","Secure unified communications platforms."
VoIP Fraud Prevention,voip-fraud-prevention,Communication Security,VoIP,Wilson S,"voip fraud, prevention, security","Prevent VoIP fraud and toll fraud attacks."
SIP Security,sip-security-best-practices,Communication Security,VoIP,Wilson S,"sip, voip, security","Secure SIP protocol against attacks and eavesdropping."
WebRTC Security,webrtc-security-considerations,Communication Security,Web,Wilson S,"webrtc, security, web","Secure WebRTC implementations in web applications."
DNS Filtering,dns-filtering-security,Communication Security,DNS,Wilson S,"dns filtering, security, protection","Implement DNS filtering for malware and phishing protection."
DNS Tunneling Detection,dns-tunneling-detection,Communication Security,DNS,Wilson S,"dns tunneling, detection, security","Detect DNS tunneling used for data exfiltration."
CDN Security,cdn-security-configuration,Communication Security,Web,Wilson S,"cdn, security, cloudflare","Secure content delivery networks and edge caching."
DDoS Mitigation,ddos-mitigation-strategies,Communication Security,Protection,Wilson S,"ddos, mitigation, protection","Mitigate DDoS attacks protecting availability."
Network Time Protocol Security,ntp-security-configuration,Communication Security,Protocols,Wilson S,"ntp, security, time","Secure NTP preventing time-based attacks."
SNMP Security,snmp-security-v3,Communication Security,Protocols,Wilson S,"snmp, security, monitoring","Secure SNMP for safe network monitoring."
FTP Security Alternatives,ftp-security-alternatives,Communication Security,Protocols,Wilson S,"ftp, sftp, security","Replace FTP with secure alternatives like SFTP."
Remote Desktop Security,remote-desktop-security-rdp,Communication Security,Remote Access,Wilson S,"rdp, remote desktop, security","Secure Remote Desktop Protocol against attacks."
SSH Hardening,ssh-hardening-security,Communication Security,Protocols,Wilson S,"ssh, hardening, security","Harden SSH for secure remote administration."
Industrial IoT Security,industrial-iot-security,Emerging Technologies,IIoT,Wilson S,"iiot, industrial iot, security","Secure Industrial IoT devices and networks."
Smart City Security,smart-city-security-challenges,Emerging Technologies,IoT,Wilson S,"smart city, iot, security","Address security challenges in smart city deployments."
