Article Title,Slug,Category,Sub-Category,Owner,Tags,Body (HTML),Meta Description
SOC 2 Audit Preparation,soc-2-audit-preparation,Compliance & Governance,Audits,Wilson S,"soc 2, audit, compliance","<h2>SOC 2 Overview</h2><p>SOC 2 audits evaluate service organization controls for security, availability, processing integrity, confidentiality, and privacy. SOC 2 reports demonstrate to customers that organizations have effective controls protecting their data.</p><img src=""https://source.unsplash.com/600x400/?audit,compliance"" alt=""SOC 2 Audit""><h2>Trust Service Criteria</h2><p>SOC 2 based on Trust Service Criteria: Security (foundational), Availability, Processing Integrity, Confidentiality, and Privacy. Organizations select applicable criteria based on services and customer requirements.</p><h2>Type 1 vs Type 2</h2><p>Type 1 evaluates control design at point in time, Type 2 evaluates operating effectiveness over period (typically 6-12 months). Type 2 provides greater assurance but requires sustained control operation.</p><h2>Audit Preparation</h2><p>Prepare through readiness assessment, control design and implementation, policy and procedure documentation, evidence collection, internal testing, remediation of gaps, and selecting qualified CPA firm as auditor.</p><h2>Ongoing Compliance</h2><p>SOC 2 requires continuous compliance through regular control execution, evidence collection, change management, risk assessments, and periodic audits. Automation and centralized evidence repositories streamline ongoing compliance.</p>","Prepare for SOC 2 audits with this comprehensive guide."
Security Policy Development,security-policy-development,Compliance & Governance,Policies,Wilson S,"policy, security, governance","<h2>Security Policy Purpose</h2><p>Security policies define organizational security requirements, acceptable behaviors, and responsibilities. Policies provide governance framework, guide decision-making, support compliance, and establish accountability.</p><img src=""https://source.unsplash.com/600x400/?policy,governance"" alt=""Security Policy""><h2>Policy Hierarchy</h2><p>Policy framework includes high-level policies defining broad requirements, standards specifying mandatory controls, guidelines providing best practices, and procedures detailing implementation steps. Clear hierarchy ensures comprehensive coverage.</p><h2>Essential Policies</h2><p>Core security policies include Information Security Policy (overarching), Acceptable Use Policy, Access Control Policy, Data Classification Policy, Incident Response Policy, Password Policy, Remote Access Policy, and change management.</p><h2>Development Process</h2><p>Policy development involves identifying requirements from regulations and risks, stakeholder consultation, drafting clear language, legal review, management approval, communication and training, and establishing review cycles.</p><h2>Policy Enforcement</h2><p>Effective policies require communication and training, technical enforcement through controls, violation consequences, exception processes for legitimate needs, and regular compliance monitoring demonstrating policy effectiveness.</p>","Develop effective security policies and procedures."
Risk Assessment Methods,risk-assessment-methods,Compliance & Governance,Risk Management,Wilson S,"risk assessment, methods, security","<h2>Risk Assessment Fundamentals</h2><p>Risk assessment identifies, analyzes, and evaluates information security risks. Assessments inform risk treatment decisions, prioritize investments, and demonstrate due diligence to stakeholders and regulators.</p><img src=""https://source.unsplash.com/600x400/?risk,assessment"" alt=""Risk Assessment""><h2>Assessment Methodologies</h2><p>Methodologies include qualitative (high/medium/low ratings), quantitative (numerical values and calculations), and hybrid approaches. Choose based on organizational maturity, data availability, and stakeholder needs.</p><h2>Risk Assessment Process</h2><p>Process includes asset identification, threat identification, vulnerability identification, existing control evaluation, likelihood and impact assessment, risk calculation, risk prioritization, and treatment recommendation.</p><h2>Threat Modeling</h2><p>Threat modeling identifies potential threats through frameworks like STRIDE (Spoofing, Tampering, Repudiation, Information Disclosure, Denial of Service, Elevation of Privilege) systematically analyzing attack possibilities.</p><h2>Continuous Risk Management</h2><p>Risk is dynamic—regular reassessment addresses new threats, vulnerabilities, and business changes. Implement continuous risk monitoring, triggered assessments for significant changes, and annual comprehensive reviews.</p>","Conduct security risk assessments using proven methods."
Third-Party Risk Management,third-party-risk-management,Compliance & Governance,Risk Management,Wilson S,"third-party, vendor, risk","<h2>Third-Party Risk Overview</h2><p>Third-party vendors, partners, and suppliers introduce risk through access to data, systems, or facilities. Third-party risk management (TPRM) assesses and mitigates risks throughout vendor lifecycle.</p><img src=""https://source.unsplash.com/600x400/?vendor,risk"" alt=""Third-Party Risk""><h2>Vendor Assessment</h2><p>Vendor assessment includes security questionnaires, documentation review, on-site audits, penetration testing, SOC 2 or ISO 27001 review, and financial stability evaluation. Assessment depth matches vendor risk and criticality.</p><h2>Contractual Controls</h2><p>Contracts should include security requirements, audit rights, breach notification obligations, data protection clauses, liability provisions, termination conditions, and specific controls based on data sensitivity and access level.</p><h2>Continuous Monitoring</h2><p>Monitor vendors continuously through security rating services, regular reassessments, security questionnaires updates, incident notifications, and performance metrics. Don't treat vendor security as one-time assessment.</p><h2>Incident Response</h2><p>Establish vendor incident response procedures including notification requirements, communication protocols, joint investigation processes, and remediation expectations. Test procedures before actual incidents occur.</p>","Manage third-party and vendor security risks."
Security Governance Model,security-governance-model,Compliance & Governance,Governance,Wilson S,"governance, security, model","<h2>Security Governance Fundamentals</h2><p>Security governance provides oversight, direction, and accountability for security programs. Effective governance aligns security with business objectives, manages risk appropriately, and ensures compliance with obligations.</p><img src=""https://source.unsplash.com/600x400/?governance,leadership"" alt=""Security Governance""><h2>Governance Structure</h2><p>Governance structure includes board or executive oversight, security steering committee for strategic decisions, CISO leading security program, security councils for coordination, and clear reporting relationships ensuring accountability.</p><h2>Roles and Responsibilities</h2><p>Define security responsibilities for board (oversight), executive management (support), CISO (program leadership), business units (risk ownership), IT (implementation), and all employees (security awareness and compliance).</p><h2>Decision-Making Processes</h2><p>Establish processes for risk acceptance decisions, security investment prioritization, policy approval, exception handling, and strategic direction. Document decision criteria, approval authorities, and escalation procedures.</p><h2>Metrics and Reporting</h2><p>Governance requires regular reporting to executives and board including risk posture, compliance status, incidents, metrics trends, and program maturity. Tailor reporting to audience with appropriate detail and business context.</p>","Establish a security governance model for your organization."
Mobile Device Management,mobile-device-management,Endpoint Security,MDM,Wilson S,"mdm, mobile, device management","<h2>MDM Overview</h2><p>Mobile Device Management (MDM) secures, monitors, and manages mobile devices accessing corporate resources. MDM addresses BYOD security, remote workforce, and diverse mobile device ecosystem challenges.</p><img src=""https://source.unsplash.com/600x400/?mobile,management"" alt=""Mobile Device Management""><h2>Core MDM Capabilities</h2><p>MDM provides device enrollment, configuration management, app distribution and management, security policy enforcement, remote wipe capabilities, encryption enforcement, and compliance monitoring for mobile devices.</p><h2>BYOD vs Corporate-Owned</h2><p>Corporate-owned devices enable full MDM control. BYOD requires privacy-respecting approaches like containerization separating work and personal data, app-level management, or conditional access without full device control.</p><h2>Security Policies</h2><p>Mobile policies should include device encryption, screen lock requirements, app whitelisting/blacklisting, OS update requirements, jailbreak/root detection, VPN requirements, and data loss prevention controls.</p><h2>Implementation Challenges</h2><p>Balance security with user privacy and experience. Address device diversity across iOS, Android, and other platforms. Integrate with identity systems, provide user support, and establish clear BYOD policies communicating expectations.</p>","Implement mobile device management for corporate devices."
Endpoint Detection and Response,endpoint-detection-and-response,Endpoint Security,EDR,Wilson S,"edr, endpoint, detection","<h2>EDR Fundamentals</h2><p>Endpoint Detection and Response (EDR) provides continuous monitoring and response capabilities for endpoints. EDR detects threats that evade prevention, enables investigation, and facilitates rapid response containing attacks.</p><img src=""https://source.unsplash.com/600x400/?endpoint,detection"" alt=""EDR""><h2>EDR Capabilities</h2><p>EDR provides comprehensive endpoint visibility, behavioral analysis detecting anomalies, threat intelligence integration, automated threat hunting, incident investigation with forensic data, and automated or manual response actions.</p><h2>Detection Techniques</h2><p>EDR uses signature-based detection for known threats, behavioral analysis for anomalies, machine learning for pattern recognition, and threat intelligence for emerging threats. Multi-layered detection improves coverage.</p><h2>Response Actions</h2><p>EDR response includes endpoint isolation preventing lateral movement, process termination stopping malicious activity, file quarantine, remediation rollback changes, and evidence collection for investigation and forensics.</p><h2>XDR Evolution</h2><p>Extended Detection and Response (XDR) extends EDR across network, cloud, and email, providing unified visibility and correlated detection. XDR reduces tool sprawl and improves detection through cross-domain correlation.</p>","Deploy endpoint detection and response (EDR) solutions."
Antivirus and Anti-Malware,antivirus-and-anti-malware,Endpoint Security,Protection,Wilson S,"antivirus, anti-malware, protection","<h2>Antivirus Overview</h2><p>Antivirus and anti-malware solutions protect endpoints from malicious software. While signatures detect known threats, modern solutions add behavioral analysis, machine learning, and cloud-based protection for comprehensive defense.</p><img src=""https://source.unsplash.com/600x400/?antivirus,protection"" alt=""Antivirus Protection""><h2>Detection Methods</h2><p>Antivirus uses signature-based detection matching known malware patterns, heuristic analysis identifying suspicious characteristics, behavioral monitoring detecting malicious actions, and sandboxing analyzing unknown files safely.</p><h2>Next-Gen Antivirus</h2><p>Next-generation antivirus (NGAV) adds machine learning, behavioral analysis, exploit prevention, and threat intelligence beyond traditional signatures. NGAV detects zero-day threats and fileless malware evading signature-based detection.</p><h2>Management and Updates</h2><p>Centralized management deploys policies, monitors protection status, and ensures updates across endpoints. Regular signature updates are critical—automated updates with testing procedures prevent compatibility issues.</p><h2>Performance Considerations</h2><p>Balance protection with system performance through scheduling scans during off-hours, optimizing scan targets, excluding trusted applications carefully, and right-sizing solutions for endpoint capabilities.</p>","Choose and deploy antivirus and anti-malware solutions."
Device Hardening Guide,device-hardening-guide,Endpoint Security,Hardening,Wilson S,"hardening, endpoint, security","<h2>Device Hardening Overview</h2><p>Device hardening reduces attack surface by disabling unnecessary services, removing unused software, configuring secure settings, and implementing security controls. Hardened devices resist compromise and limit damage if breached.</p><img src=""https://source.unsplash.com/600x400/?hardening,security"" alt=""Device Hardening""><h2>Operating System Hardening</h2><p>OS hardening includes applying security patches, disabling unnecessary services, configuring secure boot, enabling firewalls, implementing full disk encryption, using standard user accounts, and applying security baselines like CIS benchmarks.</p><h2>Application Hardening</h2><p>Harden applications through keeping software updated, removing unused applications, configuring secure settings, implementing application whitelisting, using least privilege for execution, and disabling macros/scripts in documents.</p><h2>Configuration Management</h2><p>Maintain hardened state through configuration management tools, regular compliance scanning, automated remediation of drift, change control for modifications, and documentation of hardening standards and exceptions.</p><h2>User Education</h2><p>Hardening effectiveness requires user cooperation. Educate users about security settings, explain restrictions, provide alternatives for blocked functionality, and gather feedback for balancing security and usability.</p>","Harden endpoints against security threats and attacks."
BYOD Security Policy,byod-security-policy,Endpoint Security,BYOD,Wilson S,"byod, mobile, policy","<h2>BYOD Overview</h2><p>Bring Your Own Device (BYOD) allows employees to use personal devices for work. BYOD policies must balance employee privacy, security requirements, cost savings, and user productivity.</p><img src=""https://source.unsplash.com/600x400/?byod,mobile"" alt=""BYOD Security""><h2>Policy Components</h2><p>BYOD policy should define eligible devices, enrollment requirements, security controls (encryption, passwords), acceptable use, data ownership, privacy boundaries, support limitations, and exit procedures including data wipe.</p><h2>Security Controls</h2><p>Implement containerization separating work and personal data, mobile application management (MAM) for work apps, conditional access requiring compliance, encryption for work data, and remote wipe limited to work containers.</p><h2>Privacy Considerations</h2><p>Respect employee privacy through container-based approaches, limiting monitoring to work data, clear communication about what's monitored, user consent, and proportional controls based on data sensitivity.</p><h2>Support and Liability</h2><p>Define support scope—typically limited for personal devices. Establish liability for lost/stolen devices, acceptable use violations, and data breaches. Consider stipends for work device use on personal plans.</p>","Create secure Bring Your Own Device (BYOD) policies."
Secure SDLC Practices,secure-sdlc-practices,Application Security,SDLC,Wilson S,"sdlc, secure development, practices","<h2>Secure SDLC Overview</h2><p>Secure Software Development Lifecycle (SDLC) integrates security throughout development from requirements to deployment. Early security integration reduces vulnerabilities, lowers remediation costs, and improves application security posture.</p><img src=""https://source.unsplash.com/600x400/?sdlc,development"" alt=""Secure SDLC""><h2>Security Requirements</h2><p>Define security requirements during planning including authentication, authorization, data protection, input validation, logging, and compliance needs. Security requirements drive architecture and implementation decisions.</p><h2>Threat Modeling</h2><p>Conduct threat modeling during design identifying potential threats, attack vectors, and security controls. Use frameworks like STRIDE or PASTA to systematically analyze security risks in application architecture.</p><h2>Secure Coding</h2><p>Implement secure coding practices including input validation, output encoding, parameterized queries preventing injection, proper authentication and session management, and secure error handling without information disclosure.</p><h2>Security Testing</h2><p>Integrate security testing including static analysis (SAST) during development, dynamic analysis (DAST) during testing, dependency scanning, security code review, and penetration testing before release.</p>","Integrate security into the software development lifecycle."
DevSecOps Implementation,devsecops-implementation,Application Security,DevSecOps,Wilson S,"devsecops, security, development","<h2>DevSecOps Overview</h2><p>DevSecOps integrates security into DevOps practices, making security shared responsibility across development, security, and operations. Automation and collaboration enable fast, secure software delivery.</p><img src=""https://source.unsplash.com/600x400/?devsecops,automation"" alt=""DevSecOps""><h2>Cultural Shift</h2><p>DevSecOps requires cultural change making security everyone's responsibility. Foster collaboration between teams, provide security training for developers, embed security champions in teams, and celebrate security wins.</p><h2>Pipeline Security</h2><p>Secure CI/CD pipelines through secret management, access controls, pipeline as code, security scanning gates, signed artifacts, and audit logging. Pipeline security prevents supply chain attacks and ensures deployment integrity.</p><h2>Automated Security Testing</h2><p>Automate security testing in pipelines including SAST for code analysis, dependency scanning for vulnerable libraries, container scanning, DAST for running applications, and infrastructure as code scanning.</p><h2>Continuous Monitoring</h2><p>DevSecOps extends to production with continuous monitoring, runtime application self-protection (RASP), security observability, automated incident response, and feedback loops improving security throughout lifecycle.</p>","Implement DevSecOps for security automation in CI/CD."
OWASP Top 10 Guide,owasp-top-10-guide,Application Security,Web Security,Wilson S,"owasp, web security, vulnerabilities","<h2>OWASP Top 10 Overview</h2><p>OWASP Top 10 represents most critical web application security risks. Understanding and mitigating these vulnerabilities significantly improves application security posture and reduces breach risk.</p><img src=""https://source.unsplash.com/600x400/?owasp,websecurity"" alt=""OWASP Top 10""><h2>Top Vulnerabilities</h2><p>Current Top 10 includes Broken Access Control, Cryptographic Failures, Injection, Insecure Design, Security Misconfiguration, Vulnerable Components, Authentication Failures, Software and Data Integrity Failures, Logging Failures, and SSRF.</p><h2>Mitigation Strategies</h2><p>Mitigate through secure design, input validation, output encoding, parameterized queries, strong authentication, secure session management, proper access controls, encryption, security logging, and regular security updates.</p><h2>Development Integration</h2><p>Integrate OWASP Top 10 into SDLC through security requirements, developer training, secure coding standards, automated testing for OWASP risks, code review checklists, and security testing before deployment.</p><h2>Continuous Awareness</h2><p>OWASP Top 10 evolves—stay current with updates, emerging risks, and evolving attack techniques. Subscribe to OWASP resources, participate in community, and continuously improve security practices.</p>","Address OWASP Top 10 web application vulnerabilities."
Secure Coding Standards,secure-coding-standards,Application Security,Development,Wilson S,"secure coding, standards, development","<h2>Secure Coding Importance</h2><p>Secure coding standards provide developers with guidelines preventing common vulnerabilities. Standards ensure consistent security practices, reduce vulnerabilities, and support secure-by-design development.</p><img src=""https://source.unsplash.com/600x400/?coding,standards"" alt=""Secure Coding""><h2>Core Principles</h2><p>Secure coding principles include input validation, output encoding, authentication and session management, access control, cryptographic practices, error handling, logging, and data protection. Principles apply across languages and frameworks.</p><h2>Language-Specific Guidelines</h2><p>Develop language-specific standards for used technologies covering framework security features, common pitfalls, secure libraries, and language-specific vulnerabilities. Provide code examples and anti-patterns.</p><h2>Enforcement and Training</h2><p>Enforce standards through code review, automated linting, security testing, and peer accountability. Provide training on standards, update regularly with lessons learned, and make standards accessible as reference.</p><h2>Continuous Improvement</h2><p>Evolve standards based on vulnerability trends, new attack techniques, framework updates, and development feedback. Regular updates ensure standards remain relevant and effective.</p>","Follow secure coding standards for vulnerability prevention."
Application Security Testing,application-security-testing,Application Security,Testing,Wilson S,"ast, security testing, application","<h2>Application Security Testing Overview</h2><p>Application Security Testing (AST) identifies vulnerabilities in applications through various testing methods. Comprehensive AST combines multiple techniques throughout SDLC for thorough coverage.</p><img src=""https://source.unsplash.com/600x400/?testing,security"" alt=""Application Security Testing""><h2>Testing Types</h2><p>AST includes Static Application Security Testing (SAST) analyzing source code, Dynamic Application Security Testing (DAST) testing running applications, Interactive AST (IAST) combining both, and Software Composition Analysis (SCA) for dependencies.</p><h2>SAST Implementation</h2><p>Integrate SAST into IDE and CI/CD pipelines for early detection. Configure for your codebase, tune to reduce false positives, prioritize findings by severity, and provide developer training on remediation.</p><h2>DAST Implementation</h2><p>Run DAST in test environments against running applications. Configure authentication, crawl application, test for OWASP vulnerabilities, and schedule regular scans. DAST finds runtime and configuration issues SAST misses.</p><h2>Testing Strategy</h2><p>Effective AST strategy combines automated tools with manual testing, integrates throughout SDLC, prioritizes based on risk, tracks metrics, and continuously improves based on findings and false positive analysis.</p>","Comprehensive guide to application security testing methods."
SQL Injection Prevention,sql-injection-prevention,Application Security,Web Security,Wilson S,"sql injection, prevention, security","<h2>SQL Injection Overview</h2><p>SQL injection occurs when attackers manipulate SQL queries through untrusted input. SQLi can lead to data theft, modification, deletion, or complete system compromise. Prevention requires proper input handling and secure database access.</p><img src=""https://source.unsplash.com/600x400/?sql,security"" alt=""SQL Injection Prevention""><h2>Prevention Techniques</h2><p>Prevent SQLi through parameterized queries (prepared statements), stored procedures, input validation, least privilege database accounts, and escaping user input. Parameterized queries are most effective defense.</p><h2>Parameterized Queries</h2><p>Parameterized queries separate SQL logic from data, preventing injection. Use prepared statements or ORM frameworks that automatically parameterize queries. Never concatenate user input into SQL strings.</p><h2>Input Validation</h2><p>Validate all user input against expected format, type, length, and range. Use whitelist validation allowing only known-good input. Reject invalid input rather than attempting sanitization which can be bypassed.</p><h2>Defense in Depth</h2><p>Layer defenses including parameterized queries, input validation, least privilege database permissions, web application firewalls, and database activity monitoring. Multiple layers prevent bypass and detect attacks.</p>","Prevent SQL injection attacks in web applications."
XSS Attack Mitigation,xss-attack-mitigation,Application Security,Web Security,Wilson S,"xss, cross-site scripting, prevention","<h2>XSS Overview</h2><p>Cross-Site Scripting (XSS) allows attackers to inject malicious scripts into web pages viewed by other users. XSS can steal credentials, hijack sessions, deface websites, or distribute malware. Multiple XSS types require different mitigations.</p><img src=""https://source.unsplash.com/600x400/?xss,security"" alt=""XSS Prevention""><h2>XSS Types</h2><p>Reflected XSS executes immediately from request, Stored XSS persists in database, and DOM-based XSS occurs client-side. Each type requires specific prevention and testing approaches.</p><h2>Output Encoding</h2><p>Encode all untrusted data before rendering in HTML, JavaScript, CSS, or URL contexts. Use context-appropriate encoding: HTML entity encoding, JavaScript encoding, CSS encoding, or URL encoding based on output location.</p><h2>Content Security Policy</h2><p>Implement Content Security Policy (CSP) headers restricting script sources, inline scripts, and unsafe JavaScript functions. CSP provides defense-in-depth preventing XSS exploitation even if injection occurs.</p><h2>Framework Protection</h2><p>Use frameworks with automatic XSS protection like React, Angular, or Vue. Avoid bypassing framework protections through innerHTML or dangerouslySetInnerHTML. Understand framework security features and limitations.</p>","Mitigate cross-site scripting (XSS) vulnerabilities."
CSRF Protection Methods,csrf-protection-methods,Application Security,Web Security,Wilson S,"csrf, protection, web security","<h2>CSRF Overview</h2><p>Cross-Site Request Forgery (CSRF) tricks users into executing unwanted actions while authenticated. CSRF exploits trust that websites have in user browsers, enabling unauthorized transactions, configuration changes, or data modifications.</p><img src=""https://source.unsplash.com/600x400/?csrf,security"" alt=""CSRF Protection""><h2>CSRF Tokens</h2><p>CSRF tokens are unpredictable values included in forms and verified server-side. Generate unique tokens per session or request, include in forms as hidden fields, verify on submission, and reject requests with invalid tokens.</p><h2>SameSite Cookies</h2><p>SameSite cookie attribute prevents browsers from sending cookies with cross-site requests. Use SameSite=Lax or SameSite=Strict for session cookies preventing CSRF. SameSite provides defense-in-depth with token-based protection.</p><h2>Additional Protections</h2><p>Verify Origin and Referer headers, require re-authentication for sensitive actions, use custom headers for AJAX requests, and implement user interaction requirements for critical operations.</p><h2>Framework Support</h2><p>Most frameworks provide built-in CSRF protection. Enable framework CSRF features, configure properly, ensure tokens are validated, and understand framework-specific implementation to avoid misconfigurations.</p>","Protect against Cross-Site Request Forgery (CSRF) attacks."
Secure API Design,secure-api-design,Application Security,API Security,Wilson S,"api, design, security","<h2>API Security Principles</h2><p>Secure API design considers authentication, authorization, input validation, rate limiting, and data protection from inception. Security-first design prevents vulnerabilities and simplifies security implementation and maintenance.</p><img src=""https://source.unsplash.com/600x400/?api,design"" alt=""Secure API Design""><h2>Authentication and Authorization</h2><p>Implement strong authentication using OAuth 2.0, API keys, or JWT tokens. Enforce authorization checking permissions for every request, implement least privilege, and validate access to specific resources using object-level authorization.</p><h2>Input Validation</h2><p>Validate all API inputs against expected schemas, types, ranges, and formats. Reject invalid input with descriptive errors. Use schema validation libraries ensuring consistent validation across endpoints.</p><h2>Rate Limiting</h2><p>Implement rate limiting preventing abuse and DoS attacks. Use tiered limits based on authentication level, return appropriate HTTP status codes, and monitor for limit violations indicating attacks or misbehaving clients.</p><h2>API Versioning</h2><p>Design versioning strategy allowing security updates without breaking clients. Use URL versioning, header versioning, or content negotiation. Deprecate insecure versions with migration guidance and sunset policies.</p>","Design secure APIs with authentication and authorization."
API Rate Limiting,api-rate-limiting,Application Security,API Security,Wilson S,"api, rate limiting, security","<h2>Rate Limiting Purpose</h2><p>API rate limiting restricts request frequency preventing abuse, DoS attacks, brute force attempts, and excessive resource consumption. Rate limiting ensures API availability, protects backend systems, and enforces fair usage.</p><img src=""https://source.unsplash.com/600x400/?api,ratelimit"" alt=""API Rate Limiting""><h2>Rate Limiting Strategies</h2><p>Strategies include fixed window (requests per time period), sliding window (more accurate), token bucket (allows bursts), and leaky bucket (smooth rate). Choose based on use case and technical requirements.</p><h2>Implementation Approaches</h2><p>Implement rate limiting at API gateway, application level, or CDN. Use distributed rate limiting with Redis or similar for multi-instance deployments ensuring consistent limits across infrastructure.</p><h2>Limit Definition</h2><p>Define limits based on user tier (free vs paid), endpoint sensitivity, resource cost, and business requirements. Provide different limits for authentication levels, implement burst allowances, and adjust based on usage patterns.</p><h2>Client Communication</h2><p>Communicate limits through HTTP headers (X-RateLimit-Limit, X-RateLimit-Remaining, X-RateLimit-Reset), return 429 Too Many Requests status, provide Retry-After header, and document limits clearly in API documentation.</p>","Implement API rate limiting for security and availability."
Email Security Gateway,email-security-gateway,Communication Security,Email,Wilson S,"email, gateway, security","<h2>Email Gateway Overview</h2><p>Email Security Gateways (ESG) protect against email-borne threats including phishing, malware, spam, and data loss. ESGs filter inbound and outbound email applying multiple security layers before delivery.</p><img src=""https://source.unsplash.com/600x400/?email,gateway"" alt=""Email Security Gateway""><h2>Threat Protection</h2><p>ESGs detect threats through reputation filtering, spam detection, malware scanning, URL analysis, attachment sandboxing, impersonation detection, and phishing identification using machine learning and threat intelligence.</p><h2>DLP Integration</h2><p>Email DLP prevents data loss by scanning outbound email for sensitive data, enforcing encryption for confidential information, blocking unauthorized recipients, and providing user warnings or requiring approval for policy violations.</p><h2>Authentication</h2><p>ESGs enforce email authentication validating SPF, DKIM, and DMARC preventing spoofing. Configure DMARC policies, monitor authentication results, and gradually enforce strict policies after validation.</p><h2>Administration</h2><p>Effective ESG management requires policy tuning reducing false positives, quarantine review and management, user training on reporting suspicious email, and integration with SIEM for security monitoring.</p>","Deploy email security gateways to filter threats."
DMARC Implementation,dmarc-implementation,Communication Security,Email,Wilson S,"dmarc, email, authentication","<h2>DMARC Overview</h2><p>Domain-based Message Authentication, Reporting and Conformance (DMARC) prevents email spoofing and phishing. DMARC builds on SPF and DKIM providing policy enforcement and visibility into email authentication.</p><img src=""https://source.unsplash.com/600x400/?dmarc,email"" alt=""DMARC Implementation""><h2>DMARC Components</h2><p>DMARC requires DNS TXT record defining policy (none, quarantine, reject), alignment requirements for SPF and DKIM, percentage of messages policy applies to, and reporting addresses for aggregate and forensic reports.</p><h2>Implementation Process</h2><p>Start with DMARC policy p=none to monitor without enforcement. Analyze DMARC reports identifying legitimate and malicious sources, fix authentication issues, gradually increase to p=quarantine, then p=reject for full protection.</p><h2>SPF and DKIM Prerequisites</h2><p>DMARC requires SPF and DKIM. Configure SPF records listing authorized sending servers, implement DKIM signing for outbound email, ensure alignment between From domain and SPF/DKIM domains.</p><h2>Report Analysis</h2><p>Analyze DMARC aggregate reports for authentication failures, identify unauthorized senders, monitor authentication trends, and use DMARC reporting tools for visualization and analysis of XML reports.</p>","Implement DMARC for email authentication and anti-spoofing."
SPF and DKIM Setup,spf-and-dkim-setup,Communication Security,Email,Wilson S,"spf, dkim, email security","<h2>Email Authentication Overview</h2><p>SPF and DKIM are email authentication methods preventing spoofing. SPF validates sender IP addresses, DKIM cryptographically signs messages, providing complementary protection when used together with DMARC.</p><img src=""https://source.unsplash.com/600x400/?email,authentication"" alt=""SPF and DKIM""><h2>SPF Configuration</h2><p>SPF (Sender Policy Framework) uses DNS TXT records listing authorized sending IP addresses. Include all legitimate mail servers, use include mechanisms for third-party senders, and define enforcement policy (-all for strict, ~all for soft fail).</p><h2>DKIM Setup</h2><p>DKIM (DomainKeys Identified Mail) signs email with private key, validated using public key in DNS. Generate key pairs, configure mail servers to sign outbound email, publish public keys in DNS, and rotate keys periodically.</p><h2>Best Practices</h2><p>Keep SPF records under 255 characters and 10 DNS lookups, use multiple DKIM keys for different mail streams, test authentication before enforcement, monitor authentication results, and document all authorized senders.</p><h2>Troubleshooting</h2><p>Common issues include SPF lookup limits, DKIM signature failures due to message modification, missing DNS records, and third-party sender integration. Use authentication testing tools to diagnose and resolve issues.</p>","Configure SPF and DKIM for email sender authentication."
Secure Messaging Solutions,secure-messaging-solutions,Communication Security,Messaging,Wilson S,"messaging, encryption, secure communication","<h2>Secure Messaging Importance</h2><p>Secure messaging protects communications from interception, eavesdropping, and tampering. Business communications require encryption, authentication, and privacy features preventing unauthorized access to sensitive conversations.</p><img src=""https://source.unsplash.com/600x400/?messaging,security"" alt=""Secure Messaging""><h2>Encryption Standards</h2><p>Secure messaging uses end-to-end encryption ensuring only participants can read messages. Signal Protocol provides forward secrecy and post-compromise security, OTR offers perfect forward secrecy, and TLS protects transport layer.</p><h2>Enterprise Solutions</h2><p>Enterprise messaging requires encryption, compliance features, data retention, eDiscovery support, and administrative controls. Solutions include Microsoft Teams with encryption, Slack Enterprise Grid, or specialized platforms like Wickr or Wire.</p><h2>Key Features</h2><p>Essential features include end-to-end encryption, user authentication, message integrity verification, forward secrecy, secure file sharing, remote wipe, and compliance capabilities for regulated industries.</p><h2>Implementation Considerations</h2><p>Balance security with usability, provide user training, integrate with identity systems, establish usage policies, consider data residency requirements, and evaluate vendor security practices and certifications.</p>","Deploy secure messaging solutions for encrypted communications."
VoIP Security,voip-security,Communication Security,VoIP,Wilson S,"voip, telephony, security","<h2>VoIP Security Challenges</h2><p>Voice over IP (VoIP) systems face unique security risks including eavesdropping, call interception, toll fraud, DoS attacks, and caller ID spoofing. VoIP security requires network, application, and protocol-level protections.</p><img src=""https://source.unsplash.com/600x400/?voip,phone"" alt=""VoIP Security""><h2>Encryption</h2><p>Encrypt VoIP signaling using TLS and media streams using SRTP (Secure RTP). Configure SIP servers and endpoints to require encryption, manage certificates properly, and use strong cipher suites resisting cryptanalysis.</p><h2>Network Security</h2><p>Segment VoIP traffic using VLANs, implement QoS for reliability, use session border controllers (SBC) at network edge, enable firewall rules allowing only necessary VoIP ports, and monitor for unusual traffic patterns.</p><h2>Authentication and Access</h2><p>Enforce strong authentication for VoIP registration, use certificate-based authentication where possible, implement account lockout policies, restrict international calling based on business needs, and monitor for toll fraud patterns.</p><h2>Monitoring and Incident Response</h2><p>Monitor VoIP systems for security events including failed authentication, unusual call patterns, international calling spikes, and protocol anomalies. Integrate VoIP logs with SIEM for correlation and alerting.</p>","Secure VoIP and telephony systems against attacks."
DNS Security Extensions,dns-security-extensions,Communication Security,DNS,Wilson S,"dnssec, dns, security","<h2>DNS Security Challenges</h2><p>DNS is vulnerable to spoofing, cache poisoning, DDoS attacks, and hijacking. DNS security measures including DNSSEC, filtering, and monitoring protect against attacks exploiting DNS infrastructure.</p><img src=""https://source.unsplash.com/600x400/?dns,security"" alt=""DNS Security""><h2>DNSSEC Implementation</h2><p>DNSSEC adds cryptographic signatures to DNS records ensuring authenticity and integrity. Sign DNS zones with private keys, publish public keys in DNS, enable DNSSEC validation on resolvers, and manage key rollovers.</p><h2>DNS Filtering</h2><p>DNS filtering blocks malicious domains preventing malware communication, phishing sites, and command-and-control servers. Use threat intelligence feeds, create custom blocklists, and monitor blocked queries for threat detection.</p><h2>DNS Over HTTPS/TLS</h2><p>DNS over HTTPS (DoH) or TLS (DoT) encrypts DNS queries preventing eavesdropping and manipulation. Configure resolvers and clients to use encrypted DNS, considering privacy and security trade-offs.</p><h2>Monitoring and Logging</h2><p>Log DNS queries for security analysis, detect DNS tunneling, identify C2 communications, and monitor for DGA (Domain Generation Algorithm) patterns. Integrate DNS logs with SIEM for threat detection.</p>","Implement DNSSEC and other DNS security measures."
TLS Configuration Guide,tls-configuration-guide,Communication Security,Encryption,Wilson S,"tls, ssl, configuration","<h2>TLS Overview</h2><p>Transport Layer Security (TLS) encrypts network communications protecting confidentiality and integrity. Proper TLS configuration uses modern protocols, strong ciphers, and secure practices preventing attacks and ensuring privacy.</p><img src=""https://source.unsplash.com/600x400/?tls,encryption"" alt=""TLS Configuration""><h2>Protocol Selection</h2><p>Use TLS 1.2 minimum, prefer TLS 1.3 for improved security and performance. Disable SSL 2.0, SSL 3.0, TLS 1.0, and TLS 1.1 due to known vulnerabilities. Configure protocol versions based on client compatibility requirements.</p><h2>Cipher Suite Selection</h2><p>Enable strong cipher suites with forward secrecy (ECDHE), authenticated encryption (AES-GCM), and strong key sizes. Disable weak ciphers (RC4, DES, MD5), prefer AEAD ciphers, and order by strength with client respect.</p><h2>Certificate Management</h2><p>Use certificates from trusted CAs, implement certificate pinning for critical connections, monitor certificate expiration, automate renewal with ACME protocol, and use CAA records restricting issuance authorities.</p><h2>Testing and Hardening</h2><p>Test TLS configuration with SSL Labs SSL Test, enable HSTS forcing HTTPS connections, implement OCSP stapling for certificate validation, configure secure renegotiation, and monitor for TLS vulnerabilities.</p>","Configure TLS properly for secure communications."
Network Protocol Security,network-protocol-security,Communication Security,Protocols,Wilson S,"protocols, network, security","<h2>Protocol Security Overview</h2><p>Network protocols vary in security properties—some provide encryption and authentication, others transmit data in clear text. Understanding protocol security helps select appropriate protocols and implement necessary protections.</p><img src=""https://source.unsplash.com/600x400/?network,protocols"" alt=""Protocol Security""><h2>Secure Protocol Alternatives</h2><p>Replace insecure protocols with secure alternatives: SSH instead of Telnet, HTTPS instead of HTTP, SFTP/SCP instead of FTP, SNMPv3 instead of v1/v2, and encrypted email protocols instead of clear text.</p><h2>Legacy Protocol Management</h2><p>Where legacy protocols are necessary, implement compensating controls: network isolation, VPN encapsulation, application-level encryption, strict access controls, and monitoring for protocol abuse.</p><h2>Protocol Hardening</h2><p>Harden protocols through disabling unnecessary features, using strong authentication, enabling encryption where available, implementing access controls, and monitoring protocol usage for anomalies.</p><h2>Zero Trust Approach</h2><p>Apply zero trust principles assuming network protocols are untrusted. Encrypt all communications, authenticate all connections, segment networks preventing lateral movement, and monitor all protocol traffic.</p>","Secure network protocols against common attacks."
Wireless Security Standards,wireless-security-standards,Communication Security,Wireless,Wilson S,"wireless, wifi, security","<h2>Wireless Security Evolution</h2><p>Wireless security standards have evolved from broken WEP to robust WPA3. Modern wireless networks require strong encryption, authentication, and monitoring protecting against eavesdropping, unauthorized access, and attacks.</p><img src=""https://source.unsplash.com/600x400/?wifi,wireless"" alt=""Wireless Security""><h2>WPA3 Implementation</h2><p>WPA3 provides enhanced security with individualized data encryption, protection against brute force attacks, simplified IoT device provisioning, and 192-bit security for enterprise. Deploy WPA3 where supported, use WPA2/WPA3 transition mode for compatibility.</p><h2>Enterprise Authentication</h2><p>WPA3-Enterprise and WPA2-Enterprise use 802.1X authentication with RADIUS servers. Implement certificate-based authentication, EAP-TLS for strongest security, or PEAP for password-based authentication with strong passwords.</p><h2>Network Segmentation</h2><p>Segment wireless networks: separate corporate, guest, and IoT networks using VLANs or separate SSIDs. Implement different security policies, access controls, and monitoring for each segment based on trust level.</p><h2>Monitoring and Detection</h2><p>Monitor wireless networks for rogue access points, unauthorized clients, deauthentication attacks, and evil twin attacks. Use wireless IDS/IPS, regular site surveys, and rogue AP detection tools.</p>","Implement wireless security with WPA3 and best practices."
5G Security Considerations,5g-security-considerations,Communication Security,Wireless,Wilson S,"5g, mobile, security","<h2>5G Security Architecture</h2><p>5G introduces new security capabilities including enhanced encryption, network slicing, and improved authentication. However, 5G also expands attack surface with increased connectivity, edge computing, and IoT integration.</p><img src=""https://source.unsplash.com/600x400/?5g,mobile"" alt=""5G Security""><h2>5G Security Enhancements</h2><p>5G improvements include stronger encryption algorithms, mutual authentication, protection against IMSI catchers, subscriber privacy, and security capabilities for network slicing isolating traffic and services.</p><h2>Security Challenges</h2><p>5G challenges include increased attack surface from massive IoT, edge computing security, network function virtualization risks, supply chain concerns, and roaming security across heterogeneous networks.</p><h2>Enterprise Considerations</h2><p>Enterprise 5G deployment requires understanding shared responsibility with carriers, securing 5G-connected devices, network slicing security, private 5G network security, and integration with existing security infrastructure.</p><h2>Emerging Threats</h2><p>Monitor emerging 5G threats including vulnerabilities in virtualized network functions, edge computing attacks, IoT device compromises, and attacks exploiting 5G features like network slicing or edge computing.</p>","Address security considerations in 5G networks."
IoT Security Framework,iot-security-framework,Emerging Technologies,IoT,Wilson S,"iot, security, framework","<h2>IoT Security Challenges</h2><p>IoT devices introduce security challenges including limited resources, diverse protocols, long lifecycles, and massive scale. Comprehensive IoT security requires device hardening, network controls, and lifecycle management.</p><img src=""https://source.unsplash.com/600x400/?iot,devices"" alt=""IoT Security""><h2>Device Security</h2><p>Secure IoT devices through strong authentication, encrypted communications, secure boot, firmware signing, regular updates, minimal attack surface, and default security configurations. Avoid hardcoded credentials and unnecessary services.</p><h2>Network Security</h2><p>Isolate IoT devices in separate network segments, implement network access control, use IoT-specific firewalls, monitor IoT traffic for anomalies, and restrict IoT device communications to necessary services only.</p><h2>Lifecycle Management</h2><p>IoT security throughout lifecycle includes secure provisioning, certificate management, firmware update mechanisms, vulnerability management, decommissioning procedures, and supply chain security ensuring device integrity.</p><h2>Standards and Frameworks</h2><p>Adopt IoT security frameworks like NIST IoT, IoT Security Foundation guidelines, or industry-specific standards. Frameworks provide structured approaches addressing IoT-specific security challenges and compliance.</p>","Secure IoT devices and ecosystems with proper frameworks."
OT Security Basics,ot-security-basics,Emerging Technologies,OT/ICS,Wilson S,"ot, operational technology, security","<h2>OT Security Overview</h2><p>Operational Technology (OT) controls physical processes in industrial, infrastructure, and critical systems. OT security differs from IT security with priorities on safety, availability, and legacy systems requiring specialized approaches.</p><img src=""https://source.unsplash.com/600x400/?industrial,control"" alt=""OT Security""><h2>OT vs IT Security</h2><p>OT prioritizes availability and safety over confidentiality, has longer lifecycles with legacy systems, uses specialized protocols, requires change management considering safety, and often cannot implement traditional security tools.</p><h2>OT Security Principles</h2><p>OT security includes network segmentation isolating OT from IT, defense-in-depth with multiple layers, least privilege for accounts and devices, monitoring for anomalies, and incident response plans considering operational impact.</p><h2>Risk Assessment</h2><p>OT risk assessment considers safety impacts, regulatory requirements, operational disruption consequences, and cyber-physical risks. Assess risks to processes, not just data, prioritizing safety and availability.</p><h2>Implementation Challenges</h2><p>OT security challenges include legacy systems without security features, vendor dependencies, 24/7 operations limiting maintenance windows, lack of security expertise, and operational vs security priority conflicts.</p>","Fundamentals of operational technology (OT) security."
